STRUCTURE,STRUCTURE_ID,STRUCTURE_NAME,ACTION,REF_AREA,,FREQ,,MEASURE,,ACTIVITY,,UNIT_MEASURE,,PRICE_BASE,,TRANSFORMATION,,ADJUSTMENT,,CONVERSION_TYPE,,TIME_PERIOD,,OBS_VALUE,,OBS_STATUS,,UNIT_MULT,,BASE_PER,,DECIMALS,
DATAFLOW,OECD.SDD.TPS:DSD_PDB@DF_PDB_GR(1.0),,I,GBR,,A,,GDPHRS,,_T,,IX,,Q,,_Z,,_Z,,_Z,,2015,,100,,A,,0,,2015,,2,
DATAFLOW,OECD.SDD.TPS:DSD_PDB@DF_PDB_GR(1.0),,I,GBR,,A,,GDPHRS,,_T,,IX,,Q,,_Z,,_Z,,_Z,,2014,,98.4247879899797,,A,,0,,2015,,2,
DATAFLOW,OECD.SDD.TPS:DSD_PDB@DF_PDB_GR(1.0),,I,GBR,,A,,GDPHRS,,_T,,IX,,Q,,_Z,,_Z,,_Z,,2000,,87.2224025409374,,A,,0,,2015,,2,
DATAFLOW,OECD.SDD.TPS:DSD_PDB@DF_PDB_GR(1.0),,I,GBR,,A,,GDPHRS,,_T,,IX,,Q,,_Z,,_Z,,_Z,,1999,,83.8313639082292,,A,,0,,2015,,2,
DATAFLOW,OECD.SDD.TPS:DSD_PDB@DF_PDB_GR(1.0),,I,GBR,,A,,GDPHRS,,_T,,IX,,Q,,_Z,,_Z,,_Z,,1998,,81.950088296454,,A,,0,,2015,,2,
DATAFLOW,OECD.SDD.TPS:DSD_PDB@DF_PDB_GR(1.0),,I,GBR,,A,,GDPHRS,,_T,,IX,,Q,,_Z,,_Z,,_Z,,1997,,79.8514938750278,,A,,0,,2015,,2,
DATAFLOW,OECD.SDD.TPS:DSD_PDB@DF_PDB_GR(1.0),,I,GBR,,A,,GDPHRS,,_T,,IX,,Q,,_Z,,_Z,,_Z,,1996,,77.4660850691157,,A,,0,,2015,,2,
DATAFLOW,OECD.SDD.TPS:DSD_PDB@DF_PDB_GR(1.0),,I,GBR,,A,,GDPHRS,,_T,,IX,,Q,,_Z,,_Z,,_Z,,1995,,76.2239096467405,,A,,0,,2015,,2,
DATAFLOW,OECD.SDD.TPS:DSD_PDB@DF_PDB_GR(1.0),,I,GBR,,A,,GDPHRS,,_T,,IX,,Q,,_Z,,_Z,,_Z,,2013,,98.2064234205197,,A,,0,,2015,,2,
DATAFLOW,OECD.SDD.TPS:DSD_PDB@DF_PDB_GR(1.0),,I,GBR,,A,,GDPHRS,,_T,,IX,,Q,,_Z,,_Z,,_Z,,2012,,97.7336032328105,,A,,0,,2015,,2,
DATAFLOW,OECD.SDD.TPS:DSD_PDB@DF_PDB_GR(1.0),,I,GBR,,A,,GDPHRS,,_T,,IX,,Q,,_Z,,_Z,,_Z,,2011,,98.3531330582371,,A,,0,,2015,,2,
DATAFLOW,OECD.SDD.TPS:DSD_PDB@DF_PDB_GR(1.0),,I,GBR,,A,,GDPHRS,,_T,,IX,,Q,,_Z,,_Z,,_Z,,2010,,98.2495979305937,,A,,0,,2015,,2,
DATAFLOW,OECD.SDD.TPS:DSD_PDB@DF_PDB_GR(1.0),,I,GBR,,A,,GDPHRS,,_T,,IX,,Q,,_Z,,_Z,,_Z,,2009,,95.7656462543488,,A,,0,,2015,,2,
DATAFLOW,OECD.SDD.TPS:DSD_PDB@DF_PDB_GR(1.0),,I,GBR,,A,,GDPHRS,,_T,,IX,,Q,,_Z,,_Z,,_Z,,2008,,98.2120916840093,,A,,0,,2015,,2,
DATAFLOW,OECD.SDD.TPS:DSD_PDB@DF_PDB_GR(1.0),,I,GBR,,A,,GDPHRS,,_T,,IX,,Q,,_Z,,_Z,,_Z,,2007,,98.2372664216001,,A,,0,,2015,,2,
DATAFLOW,OECD.SDD.TPS:DSD_PDB@DF_PDB_GR(1.0),,I,GBR,,A,,GDPHRS,,_T,,IX,,Q,,_Z,,_Z,,_Z,,2006,,96.825841567133,,A,,0,,2015,,2,
DATAFLOW,OECD.SDD.TPS:DSD_PDB@DF_PDB_GR(1.0),,I,GBR,,A,,GDPHRS,,_T,,IX,,Q,,_Z,,_Z,,_Z,,2005,,95.0159447446274,,A,,0,,2015,,2,
DATAFLOW,OECD.SDD.TPS:DSD_PDB@DF_PDB_GR(1.0),,I,GBR,,A,,GDPHRS,,_T,,IX,,Q,,_Z,,_Z,,_Z,,2004,,94.1288269359755,,A,,0,,2015,,2,
DATAFLOW,OECD.SDD.TPS:DSD_PDB@DF_PDB_GR(1.0),,I,GBR,,A,,GDPHRS,,_T,,IX,,Q,,_Z,,_Z,,_Z,,2003,,92.909554081479,,A,,0,,2015,,2,
DATAFLOW,OECD.SDD.TPS:DSD_PDB@DF_PDB_GR(1.0),,I,GBR,,A,,GDPHRS,,_T,,IX,,Q,,_Z,,_Z,,_Z,,2002,,90.4445166126014,,A,,0,,2015,,2,
DATAFLOW,OECD.SDD.TPS:DSD_PDB@DF_PDB_GR(1.0),,I,GBR,,A,,GDPHRS,,_T,,IX,,Q,,_Z,,_Z,,_Z,,2001,,88.5079455493453,,A,,0,,2015,,2,
DATAFLOW,OECD.SDD.TPS:DSD_PDB@DF_PDB_GR(1.0),,I,GBR,,A,,GDPHRS,,_T,,IX,,Q,,_Z,,_Z,,_Z,,2023,,103.599605183156,,A,,0,,2015,,2,
DATAFLOW,OECD.SDD.TPS:DSD_PDB@DF_PDB_GR(1.0),,I,GBR,,A,,GDPHRS,,_T,,IX,,Q,,_Z,,_Z,,_Z,,2022,,103.990176919243,,A,,0,,2015,,2,
DATAFLOW,OECD.SDD.TPS:DSD_PDB@DF_PDB_GR(1.0),,I,GBR,,A,,GDPHRS,,_T,,IX,,Q,,_Z,,_Z,,_Z,,2021,,103.241733196715,,A,,0,,2015,,2,
DATAFLOW,OECD.SDD.TPS:DSD_PDB@DF_PDB_GR(1.0),,I,GBR,,A,,GDPHRS,,_T,,IX,,Q,,_Z,,_Z,,_Z,,2020,,104.007689720439,,A,,0,,2015,,2,
DATAFLOW,OECD.SDD.TPS:DSD_PDB@DF_PDB_GR(1.0),,I,GBR,,A,,GDPHRS,,_T,,IX,,Q,,_Z,,_Z,,_Z,,2019,,102.07057619139,,A,,0,,2015,,2,
DATAFLOW,OECD.SDD.TPS:DSD_PDB@DF_PDB_GR(1.0),,I,GBR,,A,,GDPHRS,,_T,,IX,,Q,,_Z,,_Z,,_Z,,2018,,101.576501996917,,A,,0,,2015,,2,
DATAFLOW,OECD.SDD.TPS:DSD_PDB@DF_PDB_GR(1.0),,I,GBR,,A,,GDPHRS,,_T,,IX,,Q,,_Z,,_Z,,_Z,,2017,,101.366348157387,,A,,0,,2015,,2,
DATAFLOW,OECD.SDD.TPS:DSD_PDB@DF_PDB_GR(1.0),,I,SWE,,A,,GDPHRS,,_T,,IX,,Q,,_Z,,_Z,,_Z,,2015,,100,,A,,0,,2015,,2,
DATAFLOW,OECD.SDD.TPS:DSD_PDB@DF_PDB_GR(1.0),,I,SWE,,A,,GDPHRS,,_T,,IX,,Q,,_Z,,_Z,,_Z,,2014,,97.2855743180777,,A,,0,,2015,,2,
DATAFLOW,OECD.SDD.TPS:DSD_PDB@DF_PDB_GR(1.0),,I,SWE,,A,,GDPHRS,,_T,,IX,,Q,,_Z,,_Z,,_Z,,2000,,81.3500710557646,,A,,0,,2015,,2,
DATAFLOW,OECD.SDD.TPS:DSD_PDB@DF_PDB_GR(1.0),,I,SWE,,A,,GDPHRS,,_T,,IX,,Q,,_Z,,_Z,,_Z,,1999,,78.6208242736035,,A,,0,,2015,,2,
DATAFLOW,OECD.SDD.TPS:DSD_PDB@DF_PDB_GR(1.0),,I,SWE,,A,,GDPHRS,,_T,,IX,,Q,,_Z,,_Z,,_Z,,1998,,77.4342459144414,,A,,0,,2015,,2,
DATAFLOW,OECD.SDD.TPS:DSD_PDB@DF_PDB_GR(1.0),,I,SWE,,A,,GDPHRS,,_T,,IX,,Q,,_Z,,_Z,,_Z,,1997,,75.4722966335084,,A,,0,,2015,,2,
DATAFLOW,OECD.SDD.TPS:DSD_PDB@DF_PDB_GR(1.0),,I,SWE,,A,,GDPHRS,,_T,,IX,,Q,,_Z,,_Z,,_Z,,1996,,72.4831045224334,,A,,0,,2015,,2,
DATAFLOW,OECD.SDD.TPS:DSD_PDB@DF_PDB_GR(1.0),,I,SWE,,A,,GDPHRS,,_T,,IX,,Q,,_Z,,_Z,,_Z,,1995,,71.2607742917567,,A,,0,,2015,,2,
DATAFLOW,OECD.SDD.TPS:DSD_PDB@DF_PDB_GR(1.0),,I,SWE,,A,,GDPHRS,,_T,,IX,,Q,,_Z,,_Z,,_Z,,2013,,96.5598006093516,,A,,0,,2015,,2,
DATAFLOW,OECD.SDD.TPS:DSD_PDB@DF_PDB_GR(1.0),,I,SWE,,A,,GDPHRS,,_T,,IX,,Q,,_Z,,_Z,,_Z,,2012,,95.9224876941031,,A,,0,,2015,,2,
DATAFLOW,OECD.SDD.TPS:DSD_PDB@DF_PDB_GR(1.0),,I,SWE,,A,,GDPHRS,,_T,,IX,,Q,,_Z,,_Z,,_Z,,2011,,96.2167540016235,,A,,0,,2015,,2,
DATAFLOW,OECD.SDD.TPS:DSD_PDB@DF_PDB_GR(1.0),,I,SWE,,A,,GDPHRS,,_T,,IX,,Q,,_Z,,_Z,,_Z,,2010,,95.4754631134956,,A,,0,,2015,,2,
DATAFLOW,OECD.SDD.TPS:DSD_PDB@DF_PDB_GR(1.0),,I,SWE,,A,,GDPHRS,,_T,,IX,,Q,,_Z,,_Z,,_Z,,2009,,92.5089359806336,,A,,0,,2015,,2,
DATAFLOW,OECD.SDD.TPS:DSD_PDB@DF_PDB_GR(1.0),,I,SWE,,A,,GDPHRS,,_T,,IX,,Q,,_Z,,_Z,,_Z,,2008,,93.7564317622299,,A,,0,,2015,,2,
DATAFLOW,OECD.SDD.TPS:DSD_PDB@DF_PDB_GR(1.0),,I,SWE,,A,,GDPHRS,,_T,,IX,,Q,,_Z,,_Z,,_Z,,2007,,95.7574011402562,,A,,0,,2015,,2,
DATAFLOW,OECD.SDD.TPS:DSD_PDB@DF_PDB_GR(1.0),,I,SWE,,A,,GDPHRS,,_T,,IX,,Q,,_Z,,_Z,,_Z,,2006,,95.6224920996559,,A,,0,,2015,,2,
DATAFLOW,OECD.SDD.TPS:DSD_PDB@DF_PDB_GR(1.0),,I,SWE,,A,,GDPHRS,,_T,,IX,,Q,,_Z,,_Z,,_Z,,2005,,93.0283460351672,,A,,0,,2015,,2,
DATAFLOW,OECD.SDD.TPS:DSD_PDB@DF_PDB_GR(1.0),,I,SWE,,A,,GDPHRS,,_T,,IX,,Q,,_Z,,_Z,,_Z,,2004,,90.4012030083935,,A,,0,,2015,,2,
DATAFLOW,OECD.SDD.TPS:DSD_PDB@DF_PDB_GR(1.0),,I,SWE,,A,,GDPHRS,,_T,,IX,,Q,,_Z,,_Z,,_Z,,2003,,87.6695090318519,,A,,0,,2015,,2,
DATAFLOW,OECD.SDD.TPS:DSD_PDB@DF_PDB_GR(1.0),,I,SWE,,A,,GDPHRS,,_T,,IX,,Q,,_Z,,_Z,,_Z,,2002,,84.9319617346281,,A,,0,,2015,,2,
DATAFLOW,OECD.SDD.TPS:DSD_PDB@DF_PDB_GR(1.0),,I,SWE,,A,,GDPHRS,,_T,,IX,,Q,,_Z,,_Z,,_Z,,2001,,81.887550055195,,A,,0,,2015,,2,
DATAFLOW,OECD.SDD.TPS:DSD_PDB@DF_PDB_GR(1.0),,I,SWE,,A,,GDPHRS,,_T,,IX,,Q,,_Z,,_Z,,_Z,,2023,,104.236887856482,,A,,0,,2015,,2,
DATAFLOW,OECD.SDD.TPS:DSD_PDB@DF_PDB_GR(1.0),,I,SWE,,A,,GDPHRS,,_T,,IX,,Q,,_Z,,_Z,,_Z,,2022,,105.413256291562,,A,,0,,2015,,2,
DATAFLOW,OECD.SDD.TPS:DSD_PDB@DF_PDB_GR(1.0),,I,SWE,,A,,GDPHRS,,_T,,IX,,Q,,_Z,,_Z,,_Z,,2021,,107.004841542678,,A,,0,,2015,,2,
DATAFLOW,OECD.SDD.TPS:DSD_PDB@DF_PDB_GR(1.0),,I,SWE,,A,,GDPHRS,,_T,,IX,,Q,,_Z,,_Z,,_Z,,2020,,103.791926319513,,A,,0,,2015,,2,
DATAFLOW,OECD.SDD.TPS:DSD_PDB@DF_PDB_GR(1.0),,I,SWE,,A,,GDPHRS,,_T,,IX,,Q,,_Z,,_Z,,_Z,,2019,,102.619368658138,,A,,0,,2015,,2,
DATAFLOW,OECD.SDD.TPS:DSD_PDB@DF_PDB_GR(1.0),,I,SWE,,A,,GDPHRS,,_T,,IX,,Q,,_Z,,_Z,,_Z,,2018,,99.8855923223009,,A,,0,,2015,,2,
DATAFLOW,OECD.SDD.TPS:DSD_PDB@DF_PDB_GR(1.0),,I,SWE,,A,,GDPHRS,,_T,,IX,,Q,,_Z,,_Z,,_Z,,2017,,99.6090759628629,,A,,0,,2015,,2,
DATAFLOW,OECD.SDD.TPS:DSD_PDB@DF_PDB_GR(1.0),,I,NOR,,A,,GDPHRS,,_T,,IX,,Q,,_Z,,_Z,,_Z,,2015,,100,,A,,0,,2015,,2,
DATAFLOW,OECD.SDD.TPS:DSD_PDB@DF_PDB_GR(1.0),,I,NOR,,A,,GDPHRS,,_T,,IX,,Q,,_Z,,_Z,,_Z,,2014,,98.6871995294129,,A,,0,,2015,,2,
DATAFLOW,OECD.SDD.TPS:DSD_PDB@DF_PDB_GR(1.0),,I,NOR,,A,,GDPHRS,,_T,,IX,,Q,,_Z,,_Z,,_Z,,2000,,90.5113800710756,,A,,0,,2015,,2,
DATAFLOW,OECD.SDD.TPS:DSD_PDB@DF_PDB_GR(1.0),,I,NOR,,A,,GDPHRS,,_T,,IX,,Q,,_Z,,_Z,,_Z,,1999,,87.0842600801313,,A,,0,,2015,,2,
DATAFLOW,OECD.SDD.TPS:DSD_PDB@DF_PDB_GR(1.0),,I,NOR,,A,,GDPHRS,,_T,,IX,,Q,,_Z,,_Z,,_Z,,1998,,86.0565694738153,,A,,0,,2015,,2,
DATAFLOW,OECD.SDD.TPS:DSD_PDB@DF_PDB_GR(1.0),,I,NOR,,A,,GDPHRS,,_T,,IX,,Q,,_Z,,_Z,,_Z,,1997,,85.9273862160118,,A,,0,,2015,,2,
DATAFLOW,OECD.SDD.TPS:DSD_PDB@DF_PDB_GR(1.0),,I,NOR,,A,,GDPHRS,,_T,,IX,,Q,,_Z,,_Z,,_Z,,1996,,83.7459143933971,,A,,0,,2015,,2,
DATAFLOW,OECD.SDD.TPS:DSD_PDB@DF_PDB_GR(1.0),,I,NOR,,A,,GDPHRS,,_T,,IX,,Q,,_Z,,_Z,,_Z,,1995,,81.1670336830811,,A,,0,,2015,,2,
DATAFLOW,OECD.SDD.TPS:DSD_PDB@DF_PDB_GR(1.0),,I,NOR,,A,,GDPHRS,,_T,,IX,,Q,,_Z,,_Z,,_Z,,2013,,97.903258983854,,A,,0,,2015,,2,
DATAFLOW,OECD.SDD.TPS:DSD_PDB@DF_PDB_GR(1.0),,I,NOR,,A,,GDPHRS,,_T,,IX,,Q,,_Z,,_Z,,_Z,,2012,,97.3284030144045,,A,,0,,2015,,2,
DATAFLOW,OECD.SDD.TPS:DSD_PDB@DF_PDB_GR(1.0),,I,NOR,,A,,GDPHRS,,_T,,IX,,Q,,_Z,,_Z,,_Z,,2011,,96.4619243929643,,A,,0,,2015,,2,
DATAFLOW,OECD.SDD.TPS:DSD_PDB@DF_PDB_GR(1.0),,I,NOR,,A,,GDPHRS,,_T,,IX,,Q,,_Z,,_Z,,_Z,,2010,,97.1326918001985,,A,,0,,2015,,2,
DATAFLOW,OECD.SDD.TPS:DSD_PDB@DF_PDB_GR(1.0),,I,NOR,,A,,GDPHRS,,_T,,IX,,Q,,_Z,,_Z,,_Z,,2009,,96.6390140267615,,A,,0,,2015,,2,
DATAFLOW,OECD.SDD.TPS:DSD_PDB@DF_PDB_GR(1.0),,I,NOR,,A,,GDPHRS,,_T,,IX,,Q,,_Z,,_Z,,_Z,,2008,,96.6913087249375,,A,,0,,2015,,2,
DATAFLOW,OECD.SDD.TPS:DSD_PDB@DF_PDB_GR(1.0),,I,NOR,,A,,GDPHRS,,_T,,IX,,Q,,_Z,,_Z,,_Z,,2007,,99.6949873892747,,A,,0,,2015,,2,
DATAFLOW,OECD.SDD.TPS:DSD_PDB@DF_PDB_GR(1.0),,I,NOR,,A,,GDPHRS,,_T,,IX,,Q,,_Z,,_Z,,_Z,,2006,,101.493152772106,,A,,0,,2015,,2,
DATAFLOW,OECD.SDD.TPS:DSD_PDB@DF_PDB_GR(1.0),,I,NOR,,A,,GDPHRS,,_T,,IX,,Q,,_Z,,_Z,,_Z,,2005,,102.164424175257,,A,,0,,2015,,2,
DATAFLOW,OECD.SDD.TPS:DSD_PDB@DF_PDB_GR(1.0),,I,NOR,,A,,GDPHRS,,_T,,IX,,Q,,_Z,,_Z,,_Z,,2004,,101.017478757291,,A,,0,,2015,,2,
DATAFLOW,OECD.SDD.TPS:DSD_PDB@DF_PDB_GR(1.0),,I,NOR,,A,,GDPHRS,,_T,,IX,,Q,,_Z,,_Z,,_Z,,2003,,98.9996530440191,,A,,0,,2015,,2,
DATAFLOW,OECD.SDD.TPS:DSD_PDB@DF_PDB_GR(1.0),,I,NOR,,A,,GDPHRS,,_T,,IX,,Q,,_Z,,_Z,,_Z,,2002,,95.9155271387567,,A,,0,,2015,,2,
DATAFLOW,OECD.SDD.TPS:DSD_PDB@DF_PDB_GR(1.0),,I,NOR,,A,,GDPHRS,,_T,,IX,,Q,,_Z,,_Z,,_Z,,2001,,93.8665352210918,,A,,0,,2015,,2,
DATAFLOW,OECD.SDD.TPS:DSD_PDB@DF_PDB_GR(1.0),,I,NOR,,A,,GDPHRS,,_T,,IX,,Q,,_Z,,_Z,,_Z,,2023,,102.846065054368,,A,,0,,2015,,2,
DATAFLOW,OECD.SDD.TPS:DSD_PDB@DF_PDB_GR(1.0),,I,NOR,,A,,GDPHRS,,_T,,IX,,Q,,_Z,,_Z,,_Z,,2022,,103.18707802443,,A,,0,,2015,,2,
DATAFLOW,OECD.SDD.TPS:DSD_PDB@DF_PDB_GR(1.0),,I,NOR,,A,,GDPHRS,,_T,,IX,,Q,,_Z,,_Z,,_Z,,2021,,104.082669789322,,A,,0,,2015,,2,
DATAFLOW,OECD.SDD.TPS:DSD_PDB@DF_PDB_GR(1.0),,I,NOR,,A,,GDPHRS,,_T,,IX,,Q,,_Z,,_Z,,_Z,,2020,,102.457852520428,,A,,0,,2015,,2,
DATAFLOW,OECD.SDD.TPS:DSD_PDB@DF_PDB_GR(1.0),,I,NOR,,A,,GDPHRS,,_T,,IX,,Q,,_Z,,_Z,,_Z,,2019,,101.539990076884,,A,,0,,2015,,2,
DATAFLOW,OECD.SDD.TPS:DSD_PDB@DF_PDB_GR(1.0),,I,NOR,,A,,GDPHRS,,_T,,IX,,Q,,_Z,,_Z,,_Z,,2018,,101.931822868958,,A,,0,,2015,,2,
DATAFLOW,OECD.SDD.TPS:DSD_PDB@DF_PDB_GR(1.0),,I,NOR,,A,,GDPHRS,,_T,,IX,,Q,,_Z,,_Z,,_Z,,2017,,102.726909846791,,A,,0,,2015,,2,
DATAFLOW,OECD.SDD.TPS:DSD_PDB@DF_PDB_GR(1.0),,I,EU27_2020,,A,,GDPHRS,,_T,,IX,,Q,,_Z,,_Z,,_Z,,2015,,100,,A,,0,,2015,,2,
DATAFLOW,OECD.SDD.TPS:DSD_PDB@DF_PDB_GR(1.0),,I,EU27_2020,,A,,GDPHRS,,_T,,IX,,Q,,_Z,,_Z,,_Z,,2014,,98.6168961225093,,A,,0,,2015,,2,
DATAFLOW,OECD.SDD.TPS:DSD_PDB@DF_PDB_GR(1.0),,I,EU27_2020,,A,,GDPHRS,,_T,,IX,,Q,,_Z,,_Z,,_Z,,2000,,84.198194250748,,A,,0,,2015,,2,
DATAFLOW,OECD.SDD.TPS:DSD_PDB@DF_PDB_GR(1.0),,I,EU27_2020,,A,,GDPHRS,,_T,,IX,,Q,,_Z,,_Z,,_Z,,1999,,81.5418329684477,,A,,0,,2015,,2,
DATAFLOW,OECD.SDD.TPS:DSD_PDB@DF_PDB_GR(1.0),,I,EU27_2020,,A,,GDPHRS,,_T,,IX,,Q,,_Z,,_Z,,_Z,,1998,,79.8662807739834,,A,,0,,2015,,2,
DATAFLOW,OECD.SDD.TPS:DSD_PDB@DF_PDB_GR(1.0),,I,EU27_2020,,A,,GDPHRS,,_T,,IX,,Q,,_Z,,_Z,,_Z,,1997,,78.4981994144542,,A,,0,,2015,,2,
DATAFLOW,OECD.SDD.TPS:DSD_PDB@DF_PDB_GR(1.0),,I,EU27_2020,,A,,GDPHRS,,_T,,IX,,Q,,_Z,,_Z,,_Z,,1996,,76.9624548167066,,A,,0,,2015,,2,
DATAFLOW,OECD.SDD.TPS:DSD_PDB@DF_PDB_GR(1.0),,I,EU27_2020,,A,,GDPHRS,,_T,,IX,,Q,,_Z,,_Z,,_Z,,1995,,75.9710000138252,,A,,0,,2015,,2,
DATAFLOW,OECD.SDD.TPS:DSD_PDB@DF_PDB_GR(1.0),,I,EU27_2020,,A,,GDPHRS,,_T,,IX,,Q,,_Z,,_Z,,_Z,,2013,,97.9216419347755,,A,,0,,2015,,2,
DATAFLOW,OECD.SDD.TPS:DSD_PDB@DF_PDB_GR(1.0),,I,EU27_2020,,A,,GDPHRS,,_T,,IX,,Q,,_Z,,_Z,,_Z,,2012,,97.0125064273138,,A,,0,,2015,,2,
DATAFLOW,OECD.SDD.TPS:DSD_PDB@DF_PDB_GR(1.0),,I,EU27_2020,,A,,GDPHRS,,_T,,IX,,Q,,_Z,,_Z,,_Z,,2011,,96.5048073973205,,A,,0,,2015,,2,
DATAFLOW,OECD.SDD.TPS:DSD_PDB@DF_PDB_GR(1.0),,I,EU27_2020,,A,,GDPHRS,,_T,,IX,,Q,,_Z,,_Z,,_Z,,2010,,94.6958829434059,,A,,0,,2015,,2,
DATAFLOW,OECD.SDD.TPS:DSD_PDB@DF_PDB_GR(1.0),,I,EU27_2020,,A,,GDPHRS,,_T,,IX,,Q,,_Z,,_Z,,_Z,,2009,,92.0248181904001,,A,,0,,2015,,2,
DATAFLOW,OECD.SDD.TPS:DSD_PDB@DF_PDB_GR(1.0),,I,EU27_2020,,A,,GDPHRS,,_T,,IX,,Q,,_Z,,_Z,,_Z,,2008,,93.0888620894305,,A,,0,,2015,,2,
DATAFLOW,OECD.SDD.TPS:DSD_PDB@DF_PDB_GR(1.0),,I,EU27_2020,,A,,GDPHRS,,_T,,IX,,Q,,_Z,,_Z,,_Z,,2007,,93.3230760362014,,A,,0,,2015,,2,
DATAFLOW,OECD.SDD.TPS:DSD_PDB@DF_PDB_GR(1.0),,I,EU27_2020,,A,,GDPHRS,,_T,,IX,,Q,,_Z,,_Z,,_Z,,2006,,92.4296817902746,,A,,0,,2015,,2,
DATAFLOW,OECD.SDD.TPS:DSD_PDB@DF_PDB_GR(1.0),,I,EU27_2020,,A,,GDPHRS,,_T,,IX,,Q,,_Z,,_Z,,_Z,,2005,,90.8864711682621,,A,,0,,2015,,2,
DATAFLOW,OECD.SDD.TPS:DSD_PDB@DF_PDB_GR(1.0),,I,EU27_2020,,A,,GDPHRS,,_T,,IX,,Q,,_Z,,_Z,,_Z,,2004,,89.8370233522457,,A,,0,,2015,,2,
DATAFLOW,OECD.SDD.TPS:DSD_PDB@DF_PDB_GR(1.0),,I,EU27_2020,,A,,GDPHRS,,_T,,IX,,Q,,_Z,,_Z,,_Z,,2003,,88.408663880592,,A,,0,,2015,,2,
DATAFLOW,OECD.SDD.TPS:DSD_PDB@DF_PDB_GR(1.0),,I,EU27_2020,,A,,GDPHRS,,_T,,IX,,Q,,_Z,,_Z,,_Z,,2002,,87.5799285296999,,A,,0,,2015,,2,
DATAFLOW,OECD.SDD.TPS:DSD_PDB@DF_PDB_GR(1.0),,I,EU27_2020,,A,,GDPHRS,,_T,,IX,,Q,,_Z,,_Z,,_Z,,2001,,85.9130963807295,,A,,0,,2015,,2,
DATAFLOW,OECD.SDD.TPS:DSD_PDB@DF_PDB_GR(1.0),,I,EU27_2020,,A,,GDPHRS,,_T,,IX,,Q,,_Z,,_Z,,_Z,,2023,,105.898808231321,,A,,0,,2015,,2,
DATAFLOW,OECD.SDD.TPS:DSD_PDB@DF_PDB_GR(1.0),,I,EU27_2020,,A,,GDPHRS,,_T,,IX,,Q,,_Z,,_Z,,_Z,,2022,,106.496887821785,,A,,0,,2015,,2,
DATAFLOW,OECD.SDD.TPS:DSD_PDB@DF_PDB_GR(1.0),,I,EU27_2020,,A,,GDPHRS,,_T,,IX,,Q,,_Z,,_Z,,_Z,,2021,,105.817964356459,,A,,0,,2015,,2,
DATAFLOW,OECD.SDD.TPS:DSD_PDB@DF_PDB_GR(1.0),,I,EU27_2020,,A,,GDPHRS,,_T,,IX,,Q,,_Z,,_Z,,_Z,,2020,,105.350826086498,,A,,0,,2015,,2,
DATAFLOW,OECD.SDD.TPS:DSD_PDB@DF_PDB_GR(1.0),,I,EU27_2020,,A,,GDPHRS,,_T,,IX,,Q,,_Z,,_Z,,_Z,,2019,,103.927844082597,,A,,0,,2015,,2,
DATAFLOW,OECD.SDD.TPS:DSD_PDB@DF_PDB_GR(1.0),,I,EU27_2020,,A,,GDPHRS,,_T,,IX,,Q,,_Z,,_Z,,_Z,,2018,,102.784181936467,,A,,0,,2015,,2,
DATAFLOW,OECD.SDD.TPS:DSD_PDB@DF_PDB_GR(1.0),,I,EU27_2020,,A,,GDPHRS,,_T,,IX,,Q,,_Z,,_Z,,_Z,,2017,,102.096279818525,,A,,0,,2015,,2,
DATAFLOW,OECD.SDD.TPS:DSD_PDB@DF_PDB_GR(1.0),,I,DEU,,A,,GDPHRS,,_T,,IX,,Q,,_Z,,_Z,,_Z,,2015,,100,,A,,0,,2015,,2,
DATAFLOW,OECD.SDD.TPS:DSD_PDB@DF_PDB_GR(1.0),,I,DEU,,A,,GDPHRS,,_T,,IX,,Q,,_Z,,_Z,,_Z,,2014,,99.4931159181153,,A,,0,,2015,,2,
DATAFLOW,OECD.SDD.TPS:DSD_PDB@DF_PDB_GR(1.0),,I,DEU,,A,,GDPHRS,,_T,,IX,,Q,,_Z,,_Z,,_Z,,2000,,87.06861023285,,A,,0,,2015,,2,
DATAFLOW,OECD.SDD.TPS:DSD_PDB@DF_PDB_GR(1.0),,I,DEU,,A,,GDPHRS,,_T,,IX,,Q,,_Z,,_Z,,_Z,,1999,,84.9623605794865,,A,,0,,2015,,2,
DATAFLOW,OECD.SDD.TPS:DSD_PDB@DF_PDB_GR(1.0),,I,DEU,,A,,GDPHRS,,_T,,IX,,Q,,_Z,,_Z,,_Z,,1998,,84.0085702469935,,A,,0,,2015,,2,
DATAFLOW,OECD.SDD.TPS:DSD_PDB@DF_PDB_GR(1.0),,I,DEU,,A,,GDPHRS,,_T,,IX,,Q,,_Z,,_Z,,_Z,,1997,,83.1616449587508,,A,,0,,2015,,2,
DATAFLOW,OECD.SDD.TPS:DSD_PDB@DF_PDB_GR(1.0),,I,DEU,,A,,GDPHRS,,_T,,IX,,Q,,_Z,,_Z,,_Z,,1996,,81.172266564773,,A,,0,,2015,,2,
DATAFLOW,OECD.SDD.TPS:DSD_PDB@DF_PDB_GR(1.0),,I,DEU,,A,,GDPHRS,,_T,,IX,,Q,,_Z,,_Z,,_Z,,1995,,79.8285963898805,,A,,0,,2015,,2,
DATAFLOW,OECD.SDD.TPS:DSD_PDB@DF_PDB_GR(1.0),,I,DEU,,A,,GDPHRS,,_T,,IX,,Q,,_Z,,_Z,,_Z,,2013,,98.4724066601561,,A,,0,,2015,,2,
DATAFLOW,OECD.SDD.TPS:DSD_PDB@DF_PDB_GR(1.0),,I,DEU,,A,,GDPHRS,,_T,,IX,,Q,,_Z,,_Z,,_Z,,2012,,98.0072504913658,,A,,0,,2015,,2,
DATAFLOW,OECD.SDD.TPS:DSD_PDB@DF_PDB_GR(1.0),,I,DEU,,A,,GDPHRS,,_T,,IX,,Q,,_Z,,_Z,,_Z,,2011,,97.4061700550522,,A,,0,,2015,,2,
DATAFLOW,OECD.SDD.TPS:DSD_PDB@DF_PDB_GR(1.0),,I,DEU,,A,,GDPHRS,,_T,,IX,,Q,,_Z,,_Z,,_Z,,2010,,94.9369872454168,,A,,0,,2015,,2,
DATAFLOW,OECD.SDD.TPS:DSD_PDB@DF_PDB_GR(1.0),,I,DEU,,A,,GDPHRS,,_T,,IX,,Q,,_Z,,_Z,,_Z,,2009,,92.797785567391,,A,,0,,2015,,2,
DATAFLOW,OECD.SDD.TPS:DSD_PDB@DF_PDB_GR(1.0),,I,DEU,,A,,GDPHRS,,_T,,IX,,Q,,_Z,,_Z,,_Z,,2008,,95.6777563326111,,A,,0,,2015,,2,
DATAFLOW,OECD.SDD.TPS:DSD_PDB@DF_PDB_GR(1.0),,I,DEU,,A,,GDPHRS,,_T,,IX,,Q,,_Z,,_Z,,_Z,,2007,,95.6528335079976,,A,,0,,2015,,2,
DATAFLOW,OECD.SDD.TPS:DSD_PDB@DF_PDB_GR(1.0),,I,DEU,,A,,GDPHRS,,_T,,IX,,Q,,_Z,,_Z,,_Z,,2006,,94.5359986773048,,A,,0,,2015,,2,
DATAFLOW,OECD.SDD.TPS:DSD_PDB@DF_PDB_GR(1.0),,I,DEU,,A,,GDPHRS,,_T,,IX,,Q,,_Z,,_Z,,_Z,,2005,,93.0478549173514,,A,,0,,2015,,2,
DATAFLOW,OECD.SDD.TPS:DSD_PDB@DF_PDB_GR(1.0),,I,DEU,,A,,GDPHRS,,_T,,IX,,Q,,_Z,,_Z,,_Z,,2004,,91.6023454078098,,A,,0,,2015,,2,
DATAFLOW,OECD.SDD.TPS:DSD_PDB@DF_PDB_GR(1.0),,I,DEU,,A,,GDPHRS,,_T,,IX,,Q,,_Z,,_Z,,_Z,,2003,,90.7755171163532,,A,,0,,2015,,2,
DATAFLOW,OECD.SDD.TPS:DSD_PDB@DF_PDB_GR(1.0),,I,DEU,,A,,GDPHRS,,_T,,IX,,Q,,_Z,,_Z,,_Z,,2002,,90.0826176636704,,A,,0,,2015,,2,
DATAFLOW,OECD.SDD.TPS:DSD_PDB@DF_PDB_GR(1.0),,I,DEU,,A,,GDPHRS,,_T,,IX,,Q,,_Z,,_Z,,_Z,,2001,,89.2551225145468,,A,,0,,2015,,2,
DATAFLOW,OECD.SDD.TPS:DSD_PDB@DF_PDB_GR(1.0),,I,DEU,,A,,GDPHRS,,_T,,IX,,Q,,_Z,,_Z,,_Z,,2023,,105.805163899701,,P,,0,,2015,,2,
DATAFLOW,OECD.SDD.TPS:DSD_PDB@DF_PDB_GR(1.0),,I,DEU,,A,,GDPHRS,,_T,,IX,,Q,,_Z,,_Z,,_Z,,2022,,106.460571761662,,P,,0,,2015,,2,
DATAFLOW,OECD.SDD.TPS:DSD_PDB@DF_PDB_GR(1.0),,I,DEU,,A,,GDPHRS,,_T,,IX,,Q,,_Z,,_Z,,_Z,,2021,,105.930193463902,,P,,0,,2015,,2,
DATAFLOW,OECD.SDD.TPS:DSD_PDB@DF_PDB_GR(1.0),,I,DEU,,A,,GDPHRS,,_T,,IX,,Q,,_Z,,_Z,,_Z,,2020,,105.319619720791,,P,,0,,2015,,2,
DATAFLOW,OECD.SDD.TPS:DSD_PDB@DF_PDB_GR(1.0),,I,DEU,,A,,GDPHRS,,_T,,IX,,Q,,_Z,,_Z,,_Z,,2019,,104.113206721105,,P,,0,,2015,,2,
DATAFLOW,OECD.SDD.TPS:DSD_PDB@DF_PDB_GR(1.0),,I,DEU,,A,,GDPHRS,,_T,,IX,,Q,,_Z,,_Z,,_Z,,2018,,103.37556075614,,A,,0,,2015,,2,
DATAFLOW,OECD.SDD.TPS:DSD_PDB@DF_PDB_GR(1.0),,I,DEU,,A,,GDPHRS,,_T,,IX,,Q,,_Z,,_Z,,_Z,,2017,,103.162112776172,,A,,0,,2015,,2,
DATAFLOW,OECD.SDD.TPS:DSD_PDB@DF_PDB_GR(1.0),,I,USA,,A,,GDPHRS,,_T,,IX,,Q,,_Z,,_Z,,_Z,,2018,,102.79121925607,,A,,0,,2015,,2,
DATAFLOW,OECD.SDD.TPS:DSD_PDB@DF_PDB_GR(1.0),,I,USA,,A,,GDPHRS,,_T,,IX,,Q,,_Z,,_Z,,_Z,,2017,,101.473770201173,,A,,0,,2015,,2,
DATAFLOW,OECD.SDD.TPS:DSD_PDB@DF_PDB_GR(1.0),,I,USA,,A,,GDPHRS,,_T,,IX,,Q,,_Z,,_Z,,_Z,,2003,,84.6925995758916,,A,,0,,2015,,2,
DATAFLOW,OECD.SDD.TPS:DSD_PDB@DF_PDB_GR(1.0),,I,USA,,A,,GDPHRS,,_T,,IX,,Q,,_Z,,_Z,,_Z,,2002,,82.200264433664,,A,,0,,2015,,2,
DATAFLOW,OECD.SDD.TPS:DSD_PDB@DF_PDB_GR(1.0),,I,USA,,A,,GDPHRS,,_T,,IX,,Q,,_Z,,_Z,,_Z,,2001,,79.9750817106901,,A,,0,,2015,,2,
DATAFLOW,OECD.SDD.TPS:DSD_PDB@DF_PDB_GR(1.0),,I,USA,,A,,GDPHRS,,_T,,IX,,Q,,_Z,,_Z,,_Z,,2000,,78.2463402024651,,A,,0,,2015,,2,
DATAFLOW,OECD.SDD.TPS:DSD_PDB@DF_PDB_GR(1.0),,I,USA,,A,,GDPHRS,,_T,,IX,,Q,,_Z,,_Z,,_Z,,1999,,76.1545080456297,,A,,0,,2015,,2,
DATAFLOW,OECD.SDD.TPS:DSD_PDB@DF_PDB_GR(1.0),,I,USA,,A,,GDPHRS,,_T,,IX,,Q,,_Z,,_Z,,_Z,,1998,,73.9737756412694,,A,,0,,2015,,2,
DATAFLOW,OECD.SDD.TPS:DSD_PDB@DF_PDB_GR(1.0),,I,USA,,A,,GDPHRS,,_T,,IX,,Q,,_Z,,_Z,,_Z,,2016,,100.357381293094,,A,,0,,2015,,2,
DATAFLOW,OECD.SDD.TPS:DSD_PDB@DF_PDB_GR(1.0),,I,USA,,A,,GDPHRS,,_T,,IX,,Q,,_Z,,_Z,,_Z,,2015,,100,,A,,0,,2015,,2,
DATAFLOW,OECD.SDD.TPS:DSD_PDB@DF_PDB_GR(1.0),,I,USA,,A,,GDPHRS,,_T,,IX,,Q,,_Z,,_Z,,_Z,,2014,,99.0756735307787,,A,,0,,2015,,2,
DATAFLOW,OECD.SDD.TPS:DSD_PDB@DF_PDB_GR(1.0),,I,USA,,A,,GDPHRS,,_T,,IX,,Q,,_Z,,_Z,,_Z,,2013,,98.5273473538984,,A,,0,,2015,,2,
DATAFLOW,OECD.SDD.TPS:DSD_PDB@DF_PDB_GR(1.0),,I,USA,,A,,GDPHRS,,_T,,IX,,Q,,_Z,,_Z,,_Z,,2012,,97.8403090962869,,A,,0,,2015,,2,
DATAFLOW,OECD.SDD.TPS:DSD_PDB@DF_PDB_GR(1.0),,I,USA,,A,,GDPHRS,,_T,,IX,,Q,,_Z,,_Z,,_Z,,2011,,97.4808702958885,,A,,0,,2015,,2,
DATAFLOW,OECD.SDD.TPS:DSD_PDB@DF_PDB_GR(1.0),,I,USA,,A,,GDPHRS,,_T,,IX,,Q,,_Z,,_Z,,_Z,,2010,,97.4236027816811,,A,,0,,2015,,2,
DATAFLOW,OECD.SDD.TPS:DSD_PDB@DF_PDB_GR(1.0),,I,USA,,A,,GDPHRS,,_T,,IX,,Q,,_Z,,_Z,,_Z,,2009,,94.9166886830103,,A,,0,,2015,,2,
DATAFLOW,OECD.SDD.TPS:DSD_PDB@DF_PDB_GR(1.0),,I,USA,,A,,GDPHRS,,_T,,IX,,Q,,_Z,,_Z,,_Z,,2008,,91.9699074538754,,A,,0,,2015,,2,
DATAFLOW,OECD.SDD.TPS:DSD_PDB@DF_PDB_GR(1.0),,I,USA,,A,,GDPHRS,,_T,,IX,,Q,,_Z,,_Z,,_Z,,2007,,90.8171558562291,,A,,0,,2015,,2,
DATAFLOW,OECD.SDD.TPS:DSD_PDB@DF_PDB_GR(1.0),,I,USA,,A,,GDPHRS,,_T,,IX,,Q,,_Z,,_Z,,_Z,,2006,,89.5441884916944,,A,,0,,2015,,2,
DATAFLOW,OECD.SDD.TPS:DSD_PDB@DF_PDB_GR(1.0),,I,USA,,A,,GDPHRS,,_T,,IX,,Q,,_Z,,_Z,,_Z,,2005,,88.7156202810861,,A,,0,,2015,,2,
DATAFLOW,OECD.SDD.TPS:DSD_PDB@DF_PDB_GR(1.0),,I,USA,,A,,GDPHRS,,_T,,IX,,Q,,_Z,,_Z,,_Z,,2004,,86.9008480867867,,A,,0,,2015,,2,
DATAFLOW,OECD.SDD.TPS:DSD_PDB@DF_PDB_GR(1.0),,I,USA,,A,,GDPHRS,,_T,,IX,,Q,,_Z,,_Z,,_Z,,2023,,112.072421010849,,E,,0,,2015,,2,
DATAFLOW,OECD.SDD.TPS:DSD_PDB@DF_PDB_GR(1.0),,I,USA,,A,,GDPHRS,,_T,,IX,,Q,,_Z,,_Z,,_Z,,2022,,108.654820171319,,A,,0,,2015,,2,
DATAFLOW,OECD.SDD.TPS:DSD_PDB@DF_PDB_GR(1.0),,I,USA,,A,,GDPHRS,,_T,,IX,,Q,,_Z,,_Z,,_Z,,2021,,110.42775834576,,A,,0,,2015,,2,
DATAFLOW,OECD.SDD.TPS:DSD_PDB@DF_PDB_GR(1.0),,I,USA,,A,,GDPHRS,,_T,,IX,,Q,,_Z,,_Z,,_Z,,2020,,108.932657650481,,A,,0,,2015,,2,
DATAFLOW,OECD.SDD.TPS:DSD_PDB@DF_PDB_GR(1.0),,I,DNK,,A,,GDPHRS,,_T,,IX,,Q,,_Z,,_Z,,_Z,,2015,,100,,A,,0,,2015,,2,
DATAFLOW,OECD.SDD.TPS:DSD_PDB@DF_PDB_GR(1.0),,I,DNK,,A,,GDPHRS,,_T,,IX,,Q,,_Z,,_Z,,_Z,,2014,,98.9037517760223,,A,,0,,2015,,2,
DATAFLOW,OECD.SDD.TPS:DSD_PDB@DF_PDB_GR(1.0),,I,DNK,,A,,GDPHRS,,_T,,IX,,Q,,_Z,,_Z,,_Z,,2000,,85.8525120709834,,A,,0,,2015,,2,
DATAFLOW,OECD.SDD.TPS:DSD_PDB@DF_PDB_GR(1.0),,I,DNK,,A,,GDPHRS,,_T,,IX,,Q,,_Z,,_Z,,_Z,,1999,,83.9275801697155,,A,,0,,2015,,2,
DATAFLOW,OECD.SDD.TPS:DSD_PDB@DF_PDB_GR(1.0),,I,DNK,,A,,GDPHRS,,_T,,IX,,Q,,_Z,,_Z,,_Z,,1998,,83.0667749815047,,A,,0,,2015,,2,
DATAFLOW,OECD.SDD.TPS:DSD_PDB@DF_PDB_GR(1.0),,I,DNK,,A,,GDPHRS,,_T,,IX,,Q,,_Z,,_Z,,_Z,,1997,,83.0742465061509,,A,,0,,2015,,2,
DATAFLOW,OECD.SDD.TPS:DSD_PDB@DF_PDB_GR(1.0),,I,DNK,,A,,GDPHRS,,_T,,IX,,Q,,_Z,,_Z,,_Z,,1996,,82.5502853144134,,A,,0,,2015,,2,
DATAFLOW,OECD.SDD.TPS:DSD_PDB@DF_PDB_GR(1.0),,I,DNK,,A,,GDPHRS,,_T,,IX,,Q,,_Z,,_Z,,_Z,,1995,,80.6318366672985,,A,,0,,2015,,2,
DATAFLOW,OECD.SDD.TPS:DSD_PDB@DF_PDB_GR(1.0),,I,DNK,,A,,GDPHRS,,_T,,IX,,Q,,_Z,,_Z,,_Z,,2013,,97.4552935155533,,A,,0,,2015,,2,
DATAFLOW,OECD.SDD.TPS:DSD_PDB@DF_PDB_GR(1.0),,I,DNK,,A,,GDPHRS,,_T,,IX,,Q,,_Z,,_Z,,_Z,,2012,,96.3217036476073,,A,,0,,2015,,2,
DATAFLOW,OECD.SDD.TPS:DSD_PDB@DF_PDB_GR(1.0),,I,DNK,,A,,GDPHRS,,_T,,IX,,Q,,_Z,,_Z,,_Z,,2011,,94.7511195227166,,A,,0,,2015,,2,
DATAFLOW,OECD.SDD.TPS:DSD_PDB@DF_PDB_GR(1.0),,I,DNK,,A,,GDPHRS,,_T,,IX,,Q,,_Z,,_Z,,_Z,,2010,,94.3713455014571,,A,,0,,2015,,2,
DATAFLOW,OECD.SDD.TPS:DSD_PDB@DF_PDB_GR(1.0),,I,DNK,,A,,GDPHRS,,_T,,IX,,Q,,_Z,,_Z,,_Z,,2009,,91.0873382186583,,A,,0,,2015,,2,
DATAFLOW,OECD.SDD.TPS:DSD_PDB@DF_PDB_GR(1.0),,I,DNK,,A,,GDPHRS,,_T,,IX,,Q,,_Z,,_Z,,_Z,,2008,,91.995790103296,,B,,0,,2015,,2,
DATAFLOW,OECD.SDD.TPS:DSD_PDB@DF_PDB_GR(1.0),,I,DNK,,A,,GDPHRS,,_T,,IX,,Q,,_Z,,_Z,,_Z,,2007,,93.3552958581539,,A,,0,,2015,,2,
DATAFLOW,OECD.SDD.TPS:DSD_PDB@DF_PDB_GR(1.0),,I,DNK,,A,,GDPHRS,,_T,,IX,,Q,,_Z,,_Z,,_Z,,2006,,93.1121476650268,,A,,0,,2015,,2,
DATAFLOW,OECD.SDD.TPS:DSD_PDB@DF_PDB_GR(1.0),,I,DNK,,A,,GDPHRS,,_T,,IX,,Q,,_Z,,_Z,,_Z,,2005,,91.985022219796,,A,,0,,2015,,2,
DATAFLOW,OECD.SDD.TPS:DSD_PDB@DF_PDB_GR(1.0),,I,DNK,,A,,GDPHRS,,_T,,IX,,Q,,_Z,,_Z,,_Z,,2004,,90.7225192950268,,A,,0,,2015,,2,
DATAFLOW,OECD.SDD.TPS:DSD_PDB@DF_PDB_GR(1.0),,I,DNK,,A,,GDPHRS,,_T,,IX,,Q,,_Z,,_Z,,_Z,,2003,,87.8240158672783,,A,,0,,2015,,2,
DATAFLOW,OECD.SDD.TPS:DSD_PDB@DF_PDB_GR(1.0),,I,DNK,,A,,GDPHRS,,_T,,IX,,Q,,_Z,,_Z,,_Z,,2002,,86.3539698765354,,A,,0,,2015,,2,
DATAFLOW,OECD.SDD.TPS:DSD_PDB@DF_PDB_GR(1.0),,I,DNK,,A,,GDPHRS,,_T,,IX,,Q,,_Z,,_Z,,_Z,,2001,,85.6586188729885,,A,,0,,2015,,2,
DATAFLOW,OECD.SDD.TPS:DSD_PDB@DF_PDB_GR(1.0),,I,DNK,,A,,GDPHRS,,_T,,IX,,Q,,_Z,,_Z,,_Z,,2023,,108.72832002387,,A,,0,,2015,,2,
DATAFLOW,OECD.SDD.TPS:DSD_PDB@DF_PDB_GR(1.0),,I,DNK,,A,,GDPHRS,,_T,,IX,,Q,,_Z,,_Z,,_Z,,2022,,107.096839966251,,A,,0,,2015,,2,
DATAFLOW,OECD.SDD.TPS:DSD_PDB@DF_PDB_GR(1.0),,I,DNK,,A,,GDPHRS,,_T,,IX,,Q,,_Z,,_Z,,_Z,,2021,,109.370253164548,,A,,0,,2015,,2,
DATAFLOW,OECD.SDD.TPS:DSD_PDB@DF_PDB_GR(1.0),,I,DNK,,A,,GDPHRS,,_T,,IX,,Q,,_Z,,_Z,,_Z,,2020,,107.950783062298,,A,,0,,2015,,2,
DATAFLOW,OECD.SDD.TPS:DSD_PDB@DF_PDB_GR(1.0),,I,DNK,,A,,GDPHRS,,_T,,IX,,Q,,_Z,,_Z,,_Z,,2019,,106.169831434878,,A,,0,,2015,,2,
DATAFLOW,OECD.SDD.TPS:DSD_PDB@DF_PDB_GR(1.0),,I,DNK,,A,,GDPHRS,,_T,,IX,,Q,,_Z,,_Z,,_Z,,2018,,105.23336581058,,A,,0,,2015,,2,
DATAFLOW,OECD.SDD.TPS:DSD_PDB@DF_PDB_GR(1.0),,I,DNK,,A,,GDPHRS,,_T,,IX,,Q,,_Z,,_Z,,_Z,,2017,,103.170485007284,,A,,0,,2015,,2,
DATAFLOW,OECD.SDD.TPS:DSD_PDB@DF_PDB_GR(1.0),,I,GBR,,A,,GDPHRS,,_T,,IX,,Q,,_Z,,_Z,,_Z,,2016,,99.4003740612882,,A,,0,,2015,,2,
DATAFLOW,OECD.SDD.TPS:DSD_PDB@DF_PDB_GR(1.0),,I,SWE,,A,,GDPHRS,,_T,,IX,,Q,,_Z,,_Z,,_Z,,2016,,99.4633790709739,,A,,0,,2015,,2,
DATAFLOW,OECD.SDD.TPS:DSD_PDB@DF_PDB_GR(1.0),,I,NOR,,A,,GDPHRS,,_T,,IX,,Q,,_Z,,_Z,,_Z,,2016,,100.643927580203,,A,,0,,2015,,2,
DATAFLOW,OECD.SDD.TPS:DSD_PDB@DF_PDB_GR(1.0),,I,EU27_2020,,A,,GDPHRS,,_T,,IX,,Q,,_Z,,_Z,,_Z,,2016,,100.362907710149,,A,,0,,2015,,2,
DATAFLOW,OECD.SDD.TPS:DSD_PDB@DF_PDB_GR(1.0),,I,DEU,,A,,GDPHRS,,_T,,IX,,Q,,_Z,,_Z,,_Z,,2016,,101.355226802416,,A,,0,,2015,,2,
DATAFLOW,OECD.SDD.TPS:DSD_PDB@DF_PDB_GR(1.0),,I,USA,,A,,GDPHRS,,_T,,IX,,Q,,_Z,,_Z,,_Z,,2019,,104.180553897626,,A,,0,,2015,,2,
DATAFLOW,OECD.SDD.TPS:DSD_PDB@DF_PDB_GR(1.0),,I,DNK,,A,,GDPHRS,,_T,,IX,,Q,,_Z,,_Z,,_Z,,2016,,101.045778687582,,A,,0,,2015,,2,
